D:\MSc\OneDrive - MMU\Documents\MSc\Dissertation\Application\Output\Fake1\id4_id1_0001.mp4,0
D:\MSc\OneDrive - MMU\Documents\MSc\Dissertation\Application\Output\Fake1\id6_id17_0008.mp4,0
D:\MSc\OneDrive - MMU\Documents\MSc\Dissertation\Application\Output\Fake1\id6_id9_0005.mp4,0
D:\MSc\OneDrive - MMU\Documents\MSc\Dissertation\Application\Output\Fake1\id2_id6_0005.mp4,0
D:\MSc\OneDrive - MMU\Documents\MSc\Dissertation\Application\Output\Fake1\id0_id2_0003.mp4,0
D:\MSc\OneDrive - MMU\Documents\MSc\Dissertation\Application\Output\Fake1\id0_id16_0005.mp4,0
D:\MSc\OneDrive - MMU\Documents\MSc\Dissertation\Application\Output\Fake1\id1_id4_0007.mp4,0
D:\MSc\OneDrive - MMU\Documents\MSc\Dissertation\Application\Output\Fake1\id4_id0_0000.mp4,0
D:\MSc\OneDrive - MMU\Documents\MSc\Dissertation\Application\Output\Fake1\id6_id9_0003.mp4,0
D:\MSc\OneDrive - MMU\Documents\MSc\Dissertation\Application\Output\Fake1\id16_id3_0009.mp4,0
D:\MSc\OneDrive - MMU\Documents\MSc\Dissertation\Application\Output\Fake1\id11_id7_0010.mp4,0
D:\MSc\OneDrive - MMU\Documents\MSc\Dissertation\Application\Output\Fake1\id9_id17_0003.mp4,0
D:\MSc\OneDrive - MMU\Documents\MSc\Dissertation\Application\Output\Fake1\id6_id2_0006.mp4,0
D:\MSc\OneDrive - MMU\Documents\MSc\Dissertation\Application\Output\Fake1\id16_id17_0013.mp4,0
D:\MSc\OneDrive - MMU\Documents\MSc\Dissertation\Application\Output\Fake1\id3_id1_0004.mp4,0
D:\MSc\OneDrive - MMU\Documents\MSc\Dissertation\Application\Output\Fake1\id1_id9_0009.mp4,0
D:\MSc\OneDrive - MMU\Documents\MSc\Dissertation\Application\Output\Fake1\id3_id4_0008.mp4,0
D:\MSc\OneDrive - MMU\Documents\MSc\Dissertation\Application\Output\Fake1\id10_id7_0005.mp4,0
D:\MSc\OneDrive - MMU\Documents\MSc\Dissertation\Application\Output\Fake1\id9_id6_0002.mp4,0
D:\MSc\OneDrive - MMU\Documents\MSc\Dissertation\Application\Output\Fake1\id1_id17_0000.mp4,0
D:\MSc\OneDrive - MMU\Documents\MSc\Dissertation\Application\Output\Fake1\id1_id0_0009.mp4,0
D:\MSc\OneDrive - MMU\Documents\MSc\Dissertation\Application\Output\Fake1\id3_id6_0008.mp4,0
D:\MSc\OneDrive - MMU\Documents\MSc\Dissertation\Application\Output\Fake1\id1_id3_0005.mp4,0
D:\MSc\OneDrive - MMU\Documents\MSc\Dissertation\Application\Output\Fake1\id4_id9_0001.mp4,0
D:\MSc\OneDrive - MMU\Documents\MSc\Dissertation\Application\Output\Fake1\id2_id16_0008.mp4,0
D:\MSc\OneDrive - MMU\Documents\MSc\Dissertation\Application\Output\Fake1\id1_id9_0007.mp4,0
D:\MSc\OneDrive - MMU\Documents\MSc\Dissertation\Application\Output\Fake1\id0_id2_0008.mp4,0
D:\MSc\OneDrive - MMU\Documents\MSc\Dissertation\Application\Output\Fake1\id10_id11_0005.mp4,0
D:\MSc\OneDrive - MMU\Documents\MSc\Dissertation\Application\Output\Fake1\id2_id4_0000.mp4,0
D:\MSc\OneDrive - MMU\Documents\MSc\Dissertation\Application\Output\Fake1\id17_id16_0007.mp4,0
D:\MSc\OneDrive - MMU\Documents\MSc\Dissertation\Application\Output\Fake1\id8_id9_0002.mp4,0
D:\MSc\OneDrive - MMU\Documents\MSc\Dissertation\Application\Output\Fake1\id3_id16_0003.mp4,0
D:\MSc\OneDrive - MMU\Documents\MSc\Dissertation\Application\Output\Fake1\id3_id17_0000.mp4,0
D:\MSc\OneDrive - MMU\Documents\MSc\Dissertation\Application\Output\Fake1\id16_id6_0010.mp4,0
D:\MSc\OneDrive - MMU\Documents\MSc\Dissertation\Application\Output\Fake1\id4_id9_0000.mp4,0
D:\MSc\OneDrive - MMU\Documents\MSc\Dissertation\Application\Output\Fake1\id4_id3_0005.mp4,0
D:\MSc\OneDrive - MMU\Documents\MSc\Dissertation\Application\Output\Fake1\id2_id4_0002.mp4,0
D:\MSc\OneDrive - MMU\Documents\MSc\Dissertation\Application\Output\Fake1\id17_id9_0000.mp4,0
D:\MSc\OneDrive - MMU\Documents\MSc\Dissertation\Application\Output\Fake1\id0_id3_0009.mp4,0
D:\MSc\OneDrive - MMU\Documents\MSc\Dissertation\Application\Output\Fake1\id1_id6_0002.mp4,0
D:\MSc\OneDrive - MMU\Documents\MSc\Dissertation\Application\Output\Fake1\id6_id4_0001.mp4,0
D:\MSc\OneDrive - MMU\Documents\MSc\Dissertation\Application\Output\Fake1\id17_id2_0006.mp4,0
D:\MSc\OneDrive - MMU\Documents\MSc\Dissertation\Application\Output\Fake1\id4_id3_0001.mp4,0
D:\MSc\OneDrive - MMU\Documents\MSc\Dissertation\Application\Output\Fake1\id16_id9_0005.mp4,0
D:\MSc\OneDrive - MMU\Documents\MSc\Dissertation\Application\Output\Fake1\id0_id16_0002.mp4,0
D:\MSc\OneDrive - MMU\Documents\MSc\Dissertation\Application\Output\Fake1\id16_id9_0013.mp4,0
D:\MSc\OneDrive - MMU\Documents\MSc\Dissertation\Application\Output\Fake1\id10_id12_0002.mp4,0
D:\MSc\OneDrive - MMU\Documents\MSc\Dissertation\Application\Output\Fake1\id16_id2_0012.mp4,0
D:\MSc\OneDrive - MMU\Documents\MSc\Dissertation\Application\Output\Fake1\id16_id6_0003.mp4,0
D:\MSc\OneDrive - MMU\Documents\MSc\Dissertation\Application\Output\Fake1\id6_id4_0005.mp4,0
D:\MSc\OneDrive - MMU\Documents\MSc\Dissertation\Application\Output\Fake1\id16_id6_0009.mp4,0
D:\MSc\OneDrive - MMU\Documents\MSc\Dissertation\Application\Output\Fake1\id1_id16_0009.mp4,0
D:\MSc\OneDrive - MMU\Documents\MSc\Dissertation\Application\Output\Fake1\id16_id2_0010.mp4,0
D:\MSc\OneDrive - MMU\Documents\MSc\Dissertation\Application\Output\Fake1\id16_id1_0009.mp4,0
D:\MSc\OneDrive - MMU\Documents\MSc\Dissertation\Application\Output\Fake1\id4_id6_0005.mp4,0
D:\MSc\OneDrive - MMU\Documents\MSc\Dissertation\Application\Output\Fake1\id3_id1_0009.mp4,0
D:\MSc\OneDrive - MMU\Documents\MSc\Dissertation\Application\Output\Fake1\id9_id16_0009.mp4,0
D:\MSc\OneDrive - MMU\Documents\MSc\Dissertation\Application\Output\Fake1\id6_id1_0006.mp4,0
D:\MSc\OneDrive - MMU\Documents\MSc\Dissertation\Application\Output\Fake1\id9_id3_0008.mp4,0
D:\MSc\OneDrive - MMU\Documents\MSc\Dissertation\Application\Output\Fake1\id0_id1_0002.mp4,0
D:\MSc\OneDrive - MMU\Documents\MSc\Dissertation\Application\Output\Fake1\id2_id0_0005.mp4,0
D:\MSc\OneDrive - MMU\Documents\MSc\Dissertation\Application\Output\Fake1\id17_id16_0001.mp4,0
D:\MSc\OneDrive - MMU\Documents\MSc\Dissertation\Application\Output\Fake1\id3_id6_0003.mp4,0
D:\MSc\OneDrive - MMU\Documents\MSc\Dissertation\Application\Output\Fake1\id2_id1_0001.mp4,0
D:\MSc\OneDrive - MMU\Documents\MSc\Dissertation\Application\Output\Fake1\id0_id2_0004.mp4,0
D:\MSc\OneDrive - MMU\Documents\MSc\Dissertation\Application\Output\Fake1\id1_id4_0001.mp4,0
D:\MSc\OneDrive - MMU\Documents\MSc\Dissertation\Application\Output\Fake1\id6_id3_0006.mp4,0
D:\MSc\OneDrive - MMU\Documents\MSc\Dissertation\Application\Output\Fake1\id7_id12_0005.mp4,0
D:\MSc\OneDrive - MMU\Documents\MSc\Dissertation\Application\Output\Fake1\id4_id1_0005.mp4,0
D:\MSc\OneDrive - MMU\Documents\MSc\Dissertation\Application\Output\Fake1\id6_id16_0008.mp4,0
D:\MSc\OneDrive - MMU\Documents\MSc\Dissertation\Application\Output\Fake1\id9_id4_0002.mp4,0
D:\MSc\OneDrive - MMU\Documents\MSc\Dissertation\Application\Output\Fake1\id16_id0_0000.mp4,0
D:\MSc\OneDrive - MMU\Documents\MSc\Dissertation\Application\Output\Fake1\id3_id6_0000.mp4,0
D:\MSc\OneDrive - MMU\Documents\MSc\Dissertation\Application\Output\Fake1\id2_id0_0002.mp4,0
D:\MSc\OneDrive - MMU\Documents\MSc\Dissertation\Application\Output\Fake1\id17_id2_0003.mp4,0
D:\MSc\OneDrive - MMU\Documents\MSc\Dissertation\Application\Output\Fake1\id6_id9_0009.mp4,0
D:\MSc\OneDrive - MMU\Documents\MSc\Dissertation\Application\Output\Fake1\id6_id17_0009.mp4,0
D:\MSc\OneDrive - MMU\Documents\MSc\Dissertation\Application\Output\Fake1\id17_id6_0000.mp4,0
D:\MSc\OneDrive - MMU\Documents\MSc\Dissertation\Application\Output\Fake1\id12_id10_0005.mp4,0
D:\MSc\OneDrive - MMU\Documents\MSc\Dissertation\Application\Output\Fake1\id4_id2_0009.mp4,0
D:\MSc\OneDrive - MMU\Documents\MSc\Dissertation\Application\Output\Fake1\id2_id6_0003.mp4,0
D:\MSc\OneDrive - MMU\Documents\MSc\Dissertation\Application\Output\Fake1\id1_id0_0007.mp4,0
D:\MSc\OneDrive - MMU\Documents\MSc\Dissertation\Application\Output\Fake1\id6_id16_0009.mp4,0
D:\MSc\OneDrive - MMU\Documents\MSc\Dissertation\Application\Output\Fake1\id9_id0_0004.mp4,0
D:\MSc\OneDrive - MMU\Documents\MSc\Dissertation\Application\Output\Fake1\id6_id0_0000.mp4,0
D:\MSc\OneDrive - MMU\Documents\MSc\Dissertation\Application\Output\Fake1\id9_id1_0002.mp4,0
D:\MSc\OneDrive - MMU\Documents\MSc\Dissertation\Application\Output\Fake1\id0_id17_0002.mp4,0
D:\MSc\OneDrive - MMU\Documents\MSc\Dissertation\Application\Output\Fake1\id17_id16_0002.mp4,0
D:\MSc\OneDrive - MMU\Documents\MSc\Dissertation\Application\Output\Fake1\id2_id16_0003.mp4,0
D:\MSc\OneDrive - MMU\Documents\MSc\Dissertation\Application\Output\Fake1\id17_id16_0000.mp4,0
D:\MSc\OneDrive - MMU\Documents\MSc\Dissertation\Application\Output\Fake1\id13_id7_0011.mp4,0
D:\MSc\OneDrive - MMU\Documents\MSc\Dissertation\Application\Output\Fake1\id16_id1_0002.mp4,0
D:\MSc\OneDrive - MMU\Documents\MSc\Dissertation\Application\Output\Fake1\id3_id4_0001.mp4,0
D:\MSc\OneDrive - MMU\Documents\MSc\Dissertation\Application\Output\Fake1\id6_id17_0005.mp4,0
D:\MSc\OneDrive - MMU\Documents\MSc\Dissertation\Application\Output\Fake1\id1_id2_0009.mp4,0
D:\MSc\OneDrive - MMU\Documents\MSc\Dissertation\Application\Output\Fake1\id16_id2_0004.mp4,0
D:\MSc\OneDrive - MMU\Documents\MSc\Dissertation\Application\Output\Fake1\id9_id3_0001.mp4,0
D:\MSc\OneDrive - MMU\Documents\MSc\Dissertation\Application\Output\Fake1\id3_id2_0004.mp4,0
D:\MSc\OneDrive - MMU\Documents\MSc\Dissertation\Application\Output\Fake1\id4_id3_0000.mp4,0
D:\MSc\OneDrive - MMU\Documents\MSc\Dissertation\Application\Output\Fake1\id16_id3_0007.mp4,0
D:\MSc\OneDrive - MMU\Documents\MSc\Dissertation\Application\Output\Fake1\id1_id4_0000.mp4,0
D:\MSc\OneDrive - MMU\Documents\MSc\Dissertation\Application\Output\Fake1\id3_id0_0008.mp4,0
D:\MSc\OneDrive - MMU\Documents\MSc\Dissertation\Application\Output\Fake1\id2_id1_0005.mp4,0
D:\MSc\OneDrive - MMU\Documents\MSc\Dissertation\Application\Output\Fake1\id13_id10_0004.mp4,0
D:\MSc\OneDrive - MMU\Documents\MSc\Dissertation\Application\Output\Fake1\id8_id1_0002.mp4,0
D:\MSc\OneDrive - MMU\Documents\MSc\Dissertation\Application\Output\Fake1\id4_id0_0004.mp4,0
D:\MSc\OneDrive - MMU\Documents\MSc\Dissertation\Application\Output\Fake1\id16_id1_0003.mp4,0
D:\MSc\OneDrive - MMU\Documents\MSc\Dissertation\Application\Output\Fake1\id0_id4_0005.mp4,0
D:\MSc\OneDrive - MMU\Documents\MSc\Dissertation\Application\Output\Fake1\id17_id1_0006.mp4,0
D:\MSc\OneDrive - MMU\Documents\MSc\Dissertation\Application\Output\Fake1\id3_id2_0006.mp4,0
D:\MSc\OneDrive - MMU\Documents\MSc\Dissertation\Application\Output\Fake1\id7_id12_0000.mp4,0
D:\MSc\OneDrive - MMU\Documents\MSc\Dissertation\Application\Output\Fake1\id12_id7_0005.mp4,0
D:\MSc\OneDrive - MMU\Documents\MSc\Dissertation\Application\Output\Fake1\id9_id16_0008.mp4,0
D:\MSc\OneDrive - MMU\Documents\MSc\Dissertation\Application\Output\Fake1\id0_id4_0003.mp4,0
D:\MSc\OneDrive - MMU\Documents\MSc\Dissertation\Application\Output\Fake1\id2_id9_0004.mp4,0
D:\MSc\OneDrive - MMU\Documents\MSc\Dissertation\Application\Output\Fake1\id0_id6_0009.mp4,0
D:\MSc\OneDrive - MMU\Documents\MSc\Dissertation\Application\Output\Fake1\id13_id7_0004.mp4,0
D:\MSc\OneDrive - MMU\Documents\MSc\Dissertation\Application\Output\Fake1\id6_id3_0001.mp4,0
D:\MSc\OneDrive - MMU\Documents\MSc\Dissertation\Application\Output\Fake1\id16_id3_0001.mp4,0
D:\MSc\OneDrive - MMU\Documents\MSc\Dissertation\Application\Output\Fake1\id7_id11_0002.mp4,0
D:\MSc\OneDrive - MMU\Documents\MSc\Dissertation\Application\Output\Fake1\id10_id7_0009.mp4,0
D:\MSc\OneDrive - MMU\Documents\MSc\Dissertation\Application\Output\Fake1\id16_id9_0002.mp4,0
D:\MSc\OneDrive - MMU\Documents\MSc\Dissertation\Application\Output\Fake1\id16_id1_0013.mp4,0
D:\MSc\OneDrive - MMU\Documents\MSc\Dissertation\Application\Output\Fake1\id1_id2_0003.mp4,0
D:\MSc\OneDrive - MMU\Documents\MSc\Dissertation\Application\Output\Fake1\id2_id17_0005.mp4,0
D:\MSc\OneDrive - MMU\Documents\MSc\Dissertation\Application\Output\Fake1\id8_id6_0008.mp4,0
D:\MSc\OneDrive - MMU\Documents\MSc\Dissertation\Application\Output\Fake1\id8_id3_0008.mp4,0
D:\MSc\OneDrive - MMU\Documents\MSc\Dissertation\Application\Output\Fake1\id9_id6_0009.mp4,0
D:\MSc\OneDrive - MMU\Documents\MSc\Dissertation\Application\Output\Fake1\id2_id9_0008.mp4,0
D:\MSc\OneDrive - MMU\Documents\MSc\Dissertation\Application\Output\Fake1\id2_id16_0005.mp4,0
D:\MSc\OneDrive - MMU\Documents\MSc\Dissertation\Application\Output\Fake1\id0_id9_0006.mp4,0
D:\MSc\OneDrive - MMU\Documents\MSc\Dissertation\Application\Output\Fake1\id3_id16_0009.mp4,0
D:\MSc\OneDrive - MMU\Documents\MSc\Dissertation\Application\Output\Fake1\id2_id4_0008.mp4,0
D:\MSc\OneDrive - MMU\Documents\MSc\Dissertation\Application\Output\Fake1\id9_id4_0001.mp4,0
D:\MSc\OneDrive - MMU\Documents\MSc\Dissertation\Application\Output\Fake1\id8_id7_0003.mp4,0
D:\MSc\OneDrive - MMU\Documents\MSc\Dissertation\Application\Output\Fake1\id3_id4_0006.mp4,0
D:\MSc\OneDrive - MMU\Documents\MSc\Dissertation\Application\Output\Fake1\id8_id0_0002.mp4,0
D:\MSc\OneDrive - MMU\Documents\MSc\Dissertation\Application\Output\Fake1\id17_id1_0007.mp4,0
D:\MSc\OneDrive - MMU\Documents\MSc\Dissertation\Application\Output\Fake1\id10_id7_0001.mp4,0
D:\MSc\OneDrive - MMU\Documents\MSc\Dissertation\Application\Output\Fake1\id6_id0_0001.mp4,0
D:\MSc\OneDrive - MMU\Documents\MSc\Dissertation\Application\Output\Fake1\id3_id17_0009.mp4,0
D:\MSc\OneDrive - MMU\Documents\MSc\Dissertation\Application\Output\Fake1\id4_id1_0000.mp4,0
D:\MSc\OneDrive - MMU\Documents\MSc\Dissertation\Application\Output\Fake1\id0_id1_0009.mp4,0
D:\MSc\OneDrive - MMU\Documents\MSc\Dissertation\Application\Output\Fake1\id8_id1_0007.mp4,0
D:\MSc\OneDrive - MMU\Documents\MSc\Dissertation\Application\Output\Fake1\id1_id0_0002.mp4,0
D:\MSc\OneDrive - MMU\Documents\MSc\Dissertation\Application\Output\Fake1\id13_id7_0005.mp4,0
D:\MSc\OneDrive - MMU\Documents\MSc\Dissertation\Application\Output\Fake1\id1_id6_0001.mp4,0
D:\MSc\OneDrive - MMU\Documents\MSc\Dissertation\Application\Output\Fake1\id2_id17_0009.mp4,0
D:\MSc\OneDrive - MMU\Documents\MSc\Dissertation\Application\Output\Fake1\id6_id1_0002.mp4,0
D:\MSc\OneDrive - MMU\Documents\MSc\Dissertation\Application\Output\Fake1\id3_id9_0009.mp4,0
D:\MSc\OneDrive - MMU\Documents\MSc\Dissertation\Application\Output\Fake1\id4_id6_0001.mp4,0
D:\MSc\OneDrive - MMU\Documents\MSc\Dissertation\Application\Output\Fake1\id10_id12_0004.mp4,0
D:\MSc\OneDrive - MMU\Documents\MSc\Dissertation\Application\Output\Fake1\id0_id17_0007.mp4,0
D:\MSc\OneDrive - MMU\Documents\MSc\Dissertation\Application\Output\Fake1\id4_id6_0000.mp4,0
D:\MSc\OneDrive - MMU\Documents\MSc\Dissertation\Application\Output\Fake1\id3_id16_0004.mp4,0
D:\MSc\OneDrive - MMU\Documents\MSc\Dissertation\Application\Output\Fake1\id17_id2_0001.mp4,0
D:\MSc\OneDrive - MMU\Documents\MSc\Dissertation\Application\Output\Fake1\id1_id0_0003.mp4,0
D:\MSc\OneDrive - MMU\Documents\MSc\Dissertation\Application\Output\Fake1\id16_id1_0010.mp4,0
D:\MSc\OneDrive - MMU\Documents\MSc\Dissertation\Application\Output\Fake1\id7_id11_0009.mp4,0
D:\MSc\OneDrive - MMU\Documents\MSc\Dissertation\Application\Output\Fake1\id1_id3_0006.mp4,0
D:\MSc\OneDrive - MMU\Documents\MSc\Dissertation\Application\Output\Fake1\id16_id3_0002.mp4,0
D:\MSc\OneDrive - MMU\Documents\MSc\Dissertation\Application\Output\Fake1\id3_id9_0004.mp4,0
D:\MSc\OneDrive - MMU\Documents\MSc\Dissertation\Application\Output\Fake1\id1_id17_0004.mp4,0
D:\MSc\OneDrive - MMU\Documents\MSc\Dissertation\Application\Output\Fake1\id17_id1_0000.mp4,0
D:\MSc\OneDrive - MMU\Documents\MSc\Dissertation\Application\Output\Fake1\id6_id16_0005.mp4,0
D:\MSc\OneDrive - MMU\Documents\MSc\Dissertation\Application\Output\Fake1\id1_id16_0004.mp4,0
D:\MSc\OneDrive - MMU\Documents\MSc\Dissertation\Application\Output\Fake1\id7_id11_0007.mp4,0
D:\MSc\OneDrive - MMU\Documents\MSc\Dissertation\Application\Output\Fake1\id13_id7_0009.mp4,0
D:\MSc\OneDrive - MMU\Documents\MSc\Dissertation\Application\Output\Fake1\id11_id7_0000.mp4,0
D:\MSc\OneDrive - MMU\Documents\MSc\Dissertation\Application\Output\Fake1\id11_id7_0005.mp4,0
D:\MSc\OneDrive - MMU\Documents\MSc\Dissertation\Application\Output\Fake1\id16_id3_0006.mp4,0
D:\MSc\OneDrive - MMU\Documents\MSc\Dissertation\Application\Output\Fake1\id8_id1_0003.mp4,0
D:\MSc\OneDrive - MMU\Documents\MSc\Dissertation\Application\Output\Fake1\id7_id10_0005.mp4,0
D:\MSc\OneDrive - MMU\Documents\MSc\Dissertation\Application\Output\Fake1\id1_id9_0002.mp4,0
D:\MSc\OneDrive - MMU\Documents\MSc\Dissertation\Application\Output\Fake1\id3_id2_0000.mp4,0
D:\MSc\OneDrive - MMU\Documents\MSc\Dissertation\Application\Output\Fake1\id10_id13_0004.mp4,0
D:\MSc\OneDrive - MMU\Documents\MSc\Dissertation\Application\Output\Fake1\id8_id5_0008.mp4,0
D:\MSc\OneDrive - MMU\Documents\MSc\Dissertation\Application\Output\Fake1\id2_id6_0004.mp4,0
D:\MSc\OneDrive - MMU\Documents\MSc\Dissertation\Application\Output\Fake1\id3_id1_0006.mp4,0
D:\MSc\OneDrive - MMU\Documents\MSc\Dissertation\Application\Output\Fake1\id9_id6_0004.mp4,0
D:\MSc\OneDrive - MMU\Documents\MSc\Dissertation\Application\Output\Fake1\id0_id3_0005.mp4,0
D:\MSc\OneDrive - MMU\Documents\MSc\Dissertation\Application\Output\Fake1\id2_id0_0000.mp4,0
D:\MSc\OneDrive - MMU\Documents\MSc\Dissertation\Application\Output\Fake1\id16_id3_0012.mp4,0
D:\MSc\OneDrive - MMU\Documents\MSc\Dissertation\Application\Output\Fake1\id9_id2_0006.mp4,0
D:\MSc\OneDrive - MMU\Documents\MSc\Dissertation\Application\Output\Fake1\id17_id0_0005.mp4,0
D:\MSc\OneDrive - MMU\Documents\MSc\Dissertation\Application\Output\Fake1\id17_id1_0005.mp4,0
D:\MSc\OneDrive - MMU\Documents\MSc\Dissertation\Application\Output\Fake1\id4_id9_0005.mp4,0
D:\MSc\OneDrive - MMU\Documents\MSc\Dissertation\Application\Output\Fake1\id0_id2_0005.mp4,0
D:\MSc\OneDrive - MMU\Documents\MSc\Dissertation\Application\Output\Fake1\id17_id16_0006.mp4,0
D:\MSc\OneDrive - MMU\Documents\MSc\Dissertation\Application\Output\Fake1\id3_id9_0003.mp4,0
D:\MSc\OneDrive - MMU\Documents\MSc\Dissertation\Application\Output\Fake1\id11_id7_0001.mp4,0
D:\MSc\OneDrive - MMU\Documents\MSc\Dissertation\Application\Output\Fake1\id7_id13_0009.mp4,0
D:\MSc\OneDrive - MMU\Documents\MSc\Dissertation\Application\Output\Fake1\id16_id9_0012.mp4,0
D:\MSc\OneDrive - MMU\Documents\MSc\Dissertation\Application\Output\Fake1\id1_id3_0004.mp4,0
D:\MSc\OneDrive - MMU\Documents\MSc\Dissertation\Application\Output\Fake1\id2_id6_0009.mp4,0
D:\MSc\OneDrive - MMU\Documents\MSc\Dissertation\Application\Output\Fake1\id16_id0_0006.mp4,0
D:\MSc\OneDrive - MMU\Documents\MSc\Dissertation\Application\Output\Fake1\id3_id6_0004.mp4,0
D:\MSc\OneDrive - MMU\Documents\MSc\Dissertation\Application\Output\Fake1\id9_id17_0004.mp4,0
D:\MSc\OneDrive - MMU\Documents\MSc\Dissertation\Application\Output\Fake1\id16_id17_0010.mp4,0
D:\MSc\OneDrive - MMU\Documents\MSc\Dissertation\Application\Output\Fake1\id1_id9_0003.mp4,0
D:\MSc\OneDrive - MMU\Documents\MSc\Dissertation\Application\Output\Fake1\id7_id10_0007.mp4,0
D:\MSc\OneDrive - MMU\Documents\MSc\Dissertation\Application\Output\Fake1\id2_id1_0002.mp4,0
D:\MSc\OneDrive - MMU\Documents\MSc\Dissertation\Application\Output\Fake1\id4_id0_0005.mp4,0
D:\MSc\OneDrive - MMU\Documents\MSc\Dissertation\Application\Output\Fake1\id6_id2_0000.mp4,0
D:\MSc\OneDrive - MMU\Documents\MSc\Dissertation\Application\Output\Fake1\id7_id10_0004.mp4,0
D:\MSc\OneDrive - MMU\Documents\MSc\Dissertation\Application\Output\Fake1\id13_id10_0003.mp4,0
D:\MSc\OneDrive - MMU\Documents\MSc\Dissertation\Application\Output\Fake1\id17_id1_0001.mp4,0
D:\MSc\OneDrive - MMU\Documents\MSc\Dissertation\Application\Output\Fake1\id16_id2_0011.mp4,0
D:\MSc\OneDrive - MMU\Documents\MSc\Dissertation\Application\Output\Fake1\id0_id3_0008.mp4,0
D:\MSc\OneDrive - MMU\Documents\MSc\Dissertation\Application\Output\Fake1\id10_id11_0006.mp4,0
D:\MSc\OneDrive - MMU\Documents\MSc\Dissertation\Application\Output\Fake1\id13_id10_0008.mp4,0
D:\MSc\OneDrive - MMU\Documents\MSc\Dissertation\Application\Output\Fake1\id17_id0_0006.mp4,0
D:\MSc\OneDrive - MMU\Documents\MSc\Dissertation\Application\Output\Fake1\id2_id9_0003.mp4,0
D:\MSc\OneDrive - MMU\Documents\MSc\Dissertation\Application\Output\Fake1\id6_id1_0001.mp4,0
D:\MSc\OneDrive - MMU\Documents\MSc\Dissertation\Application\Output\Fake1\id6_id0_0002.mp4,0
D:\MSc\OneDrive - MMU\Documents\MSc\Dissertation\Application\Output\Fake1\id17_id9_0004.mp4,0
D:\MSc\OneDrive - MMU\Documents\MSc\Dissertation\Application\Output\Fake1\id9_id17_0008.mp4,0
D:\MSc\OneDrive - MMU\Documents\MSc\Dissertation\Application\Output\Fake1\id6_id17_0003.mp4,0
D:\MSc\OneDrive - MMU\Documents\MSc\Dissertation\Application\Output\Fake1\id4_id3_0009.mp4,0
D:\MSc\OneDrive - MMU\Documents\MSc\Dissertation\Application\Output\Fake1\id2_id17_0003.mp4,0
D:\MSc\OneDrive - MMU\Documents\MSc\Dissertation\Application\Output\Fake1\id10_id13_0006.mp4,0
D:\MSc\OneDrive - MMU\Documents\MSc\Dissertation\Application\Output\Fake1\id6_id1_0005.mp4,0
D:\MSc\OneDrive - MMU\Documents\MSc\Dissertation\Application\Output\Fake1\id0_id6_0000.mp4,0
D:\MSc\OneDrive - MMU\Documents\MSc\Dissertation\Application\Output\Fake1\id16_id9_0000.mp4,0
D:\MSc\OneDrive - MMU\Documents\MSc\Dissertation\Application\Output\Fake1\id9_id3_0000.mp4,0
D:\MSc\OneDrive - MMU\Documents\MSc\Dissertation\Application\Output\Fake1\id0_id1_0007.mp4,0
D:\MSc\OneDrive - MMU\Documents\MSc\Dissertation\Application\Output\Fake1\id16_id0_0012.mp4,0
D:\MSc\OneDrive - MMU\Documents\MSc\Dissertation\Application\Output\Fake1\id10_id12_0008.mp4,0
D:\MSc\OneDrive - MMU\Documents\MSc\Dissertation\Application\Output\Fake1\id11_id7_0006.mp4,0
D:\MSc\OneDrive - MMU\Documents\MSc\Dissertation\Application\Output\Fake1\id4_id2_0004.mp4,0
D:\MSc\OneDrive - MMU\Documents\MSc\Dissertation\Application\Output\Fake1\id9_id0_0008.mp4,0
D:\MSc\OneDrive - MMU\Documents\MSc\Dissertation\Application\Output\Fake1\id2_id17_0004.mp4,0
D:\MSc\OneDrive - MMU\Documents\MSc\Dissertation\Application\Output\Fake1\id9_id3_0006.mp4,0
D:\MSc\OneDrive - MMU\Documents\MSc\Dissertation\Application\Output\Fake1\id2_id9_0005.mp4,0
D:\MSc\OneDrive - MMU\Documents\MSc\Dissertation\Application\Output\Real1\id13_0012.mp4,1
D:\MSc\OneDrive - MMU\Documents\MSc\Dissertation\Application\Output\Real1\00112.mp4,1
D:\MSc\OneDrive - MMU\Documents\MSc\Dissertation\Application\Output\Real1\id6_0004.mp4,1
D:\MSc\OneDrive - MMU\Documents\MSc\Dissertation\Application\Output\Real1\00014.mp4,1
D:\MSc\OneDrive - MMU\Documents\MSc\Dissertation\Application\Output\Real1\00104.mp4,1
D:\MSc\OneDrive - MMU\Documents\MSc\Dissertation\Application\Output\Real1\00133.mp4,1
D:\MSc\OneDrive - MMU\Documents\MSc\Dissertation\Application\Output\Real1\00068.mp4,1
D:\MSc\OneDrive - MMU\Documents\MSc\Dissertation\Application\Output\Real1\id6_0000.mp4,1
D:\MSc\OneDrive - MMU\Documents\MSc\Dissertation\Application\Output\Real1\id11_0001.mp4,1
D:\MSc\OneDrive - MMU\Documents\MSc\Dissertation\Application\Output\Real1\00056.mp4,1
D:\MSc\OneDrive - MMU\Documents\MSc\Dissertation\Application\Output\Real1\00096.mp4,1
D:\MSc\OneDrive - MMU\Documents\MSc\Dissertation\Application\Output\Real1\00165.mp4,1
D:\MSc\OneDrive - MMU\Documents\MSc\Dissertation\Application\Output\Real1\id8_0008.mp4,1
D:\MSc\OneDrive - MMU\Documents\MSc\Dissertation\Application\Output\Real1\id8_0000.mp4,1
D:\MSc\OneDrive - MMU\Documents\MSc\Dissertation\Application\Output\Real1\id0_0007.mp4,1
D:\MSc\OneDrive - MMU\Documents\MSc\Dissertation\Application\Output\Real1\00135.mp4,1
D:\MSc\OneDrive - MMU\Documents\MSc\Dissertation\Application\Output\Real1\id1_0009.mp4,1
D:\MSc\OneDrive - MMU\Documents\MSc\Dissertation\Application\Output\Real1\id1_0000.mp4,1
D:\MSc\OneDrive - MMU\Documents\MSc\Dissertation\Application\Output\Real1\id0_0002.mp4,1
D:\MSc\OneDrive - MMU\Documents\MSc\Dissertation\Application\Output\Real1\id16_0001.mp4,1
D:\MSc\OneDrive - MMU\Documents\MSc\Dissertation\Application\Output\Real1\00121.mp4,1
D:\MSc\OneDrive - MMU\Documents\MSc\Dissertation\Application\Output\Real1\00217.mp4,1
D:\MSc\OneDrive - MMU\Documents\MSc\Dissertation\Application\Output\Real1\id4_0002.mp4,1
D:\MSc\OneDrive - MMU\Documents\MSc\Dissertation\Application\Output\Real1\id17_0008.mp4,1
D:\MSc\OneDrive - MMU\Documents\MSc\Dissertation\Application\Output\Real1\id13_0001.mp4,1
D:\MSc\OneDrive - MMU\Documents\MSc\Dissertation\Application\Output\Real1\00214.mp4,1
D:\MSc\OneDrive - MMU\Documents\MSc\Dissertation\Application\Output\Real1\00025.mp4,1
D:\MSc\OneDrive - MMU\Documents\MSc\Dissertation\Application\Output\Real1\00249.mp4,1
D:\MSc\OneDrive - MMU\Documents\MSc\Dissertation\Application\Output\Real1\00089.mp4,1
D:\MSc\OneDrive - MMU\Documents\MSc\Dissertation\Application\Output\Real1\id16_0013.mp4,1
D:\MSc\OneDrive - MMU\Documents\MSc\Dissertation\Application\Output\Real1\id6_0005.mp4,1
D:\MSc\OneDrive - MMU\Documents\MSc\Dissertation\Application\Output\Real1\00091.mp4,1
D:\MSc\OneDrive - MMU\Documents\MSc\Dissertation\Application\Output\Real1\id4_0008.mp4,1
D:\MSc\OneDrive - MMU\Documents\MSc\Dissertation\Application\Output\Real1\00106.mp4,1
D:\MSc\OneDrive - MMU\Documents\MSc\Dissertation\Application\Output\Real1\id16_0008.mp4,1
D:\MSc\OneDrive - MMU\Documents\MSc\Dissertation\Application\Output\Real1\id7_0002.mp4,1
D:\MSc\OneDrive - MMU\Documents\MSc\Dissertation\Application\Output\Real1\id17_0003.mp4,1
D:\MSc\OneDrive - MMU\Documents\MSc\Dissertation\Application\Output\Real1\id13_0008.mp4,1
D:\MSc\OneDrive - MMU\Documents\MSc\Dissertation\Application\Output\Real1\00243.mp4,1
D:\MSc\OneDrive - MMU\Documents\MSc\Dissertation\Application\Output\Real1\id7_0000.mp4,1
D:\MSc\OneDrive - MMU\Documents\MSc\Dissertation\Application\Output\Real1\00179.mp4,1
D:\MSc\OneDrive - MMU\Documents\MSc\Dissertation\Application\Output\Real1\00204.mp4,1
D:\MSc\OneDrive - MMU\Documents\MSc\Dissertation\Application\Output\Real1\00127.mp4,1
D:\MSc\OneDrive - MMU\Documents\MSc\Dissertation\Application\Output\Real1\id4_0006.mp4,1
D:\MSc\OneDrive - MMU\Documents\MSc\Dissertation\Application\Output\Real1\00236.mp4,1
D:\MSc\OneDrive - MMU\Documents\MSc\Dissertation\Application\Output\Real1\id9_0006.mp4,1
D:\MSc\OneDrive - MMU\Documents\MSc\Dissertation\Application\Output\Real1\00201.mp4,1
D:\MSc\OneDrive - MMU\Documents\MSc\Dissertation\Application\Output\Real1\id7_0009.mp4,1
D:\MSc\OneDrive - MMU\Documents\MSc\Dissertation\Application\Output\Real1\00013.mp4,1
D:\MSc\OneDrive - MMU\Documents\MSc\Dissertation\Application\Output\Real1\00190.mp4,1
D:\MSc\OneDrive - MMU\Documents\MSc\Dissertation\Application\Output\Real1\00094.mp4,1
D:\MSc\OneDrive - MMU\Documents\MSc\Dissertation\Application\Output\Real1\00238.mp4,1
D:\MSc\OneDrive - MMU\Documents\MSc\Dissertation\Application\Output\Real1\id9_0001.mp4,1
D:\MSc\OneDrive - MMU\Documents\MSc\Dissertation\Application\Output\Real1\id8_0003.mp4,1
D:\MSc\OneDrive - MMU\Documents\MSc\Dissertation\Application\Output\Real1\00109.mp4,1
D:\MSc\OneDrive - MMU\Documents\MSc\Dissertation\Application\Output\Real1\00126.mp4,1
D:\MSc\OneDrive - MMU\Documents\MSc\Dissertation\Application\Output\Real1\00234.mp4,1
D:\MSc\OneDrive - MMU\Documents\MSc\Dissertation\Application\Output\Real1\00084.mp4,1
D:\MSc\OneDrive - MMU\Documents\MSc\Dissertation\Application\Output\Real1\00077.mp4,1
D:\MSc\OneDrive - MMU\Documents\MSc\Dissertation\Application\Output\Real1\00245.mp4,1
D:\MSc\OneDrive - MMU\Documents\MSc\Dissertation\Application\Output\Real1\id2_0002.mp4,1
D:\MSc\OneDrive - MMU\Documents\MSc\Dissertation\Application\Output\Real1\00219.mp4,1
D:\MSc\OneDrive - MMU\Documents\MSc\Dissertation\Application\Output\Real1\id16_0007.mp4,1
D:\MSc\OneDrive - MMU\Documents\MSc\Dissertation\Application\Output\Real1\00063.mp4,1
D:\MSc\OneDrive - MMU\Documents\MSc\Dissertation\Application\Output\Real1\00200.mp4,1
D:\MSc\OneDrive - MMU\Documents\MSc\Dissertation\Application\Output\Real1\id8_0002.mp4,1
D:\MSc\OneDrive - MMU\Documents\MSc\Dissertation\Application\Output\Real1\00129.mp4,1
D:\MSc\OneDrive - MMU\Documents\MSc\Dissertation\Application\Output\Real1\id13_0006.mp4,1
D:\MSc\OneDrive - MMU\Documents\MSc\Dissertation\Application\Output\Real1\id11_0010.mp4,1
D:\MSc\OneDrive - MMU\Documents\MSc\Dissertation\Application\Output\Real1\00152.mp4,1
D:\MSc\OneDrive - MMU\Documents\MSc\Dissertation\Application\Output\Real1\id3_0000.mp4,1
D:\MSc\OneDrive - MMU\Documents\MSc\Dissertation\Application\Output\Real1\00153.mp4,1
D:\MSc\OneDrive - MMU\Documents\MSc\Dissertation\Application\Output\Real1\id6_0006.mp4,1
D:\MSc\OneDrive - MMU\Documents\MSc\Dissertation\Application\Output\Real1\id10_0004.mp4,1
D:\MSc\OneDrive - MMU\Documents\MSc\Dissertation\Application\Output\Real1\00212.mp4,1
D:\MSc\OneDrive - MMU\Documents\MSc\Dissertation\Application\Output\Real1\id12_0002.mp4,1
D:\MSc\OneDrive - MMU\Documents\MSc\Dissertation\Application\Output\Real1\id0_0003.mp4,1
D:\MSc\OneDrive - MMU\Documents\MSc\Dissertation\Application\Output\Real1\00055.mp4,1
D:\MSc\OneDrive - MMU\Documents\MSc\Dissertation\Application\Output\Real1\id3_0006.mp4,1
D:\MSc\OneDrive - MMU\Documents\MSc\Dissertation\Application\Output\Real1\00115.mp4,1
D:\MSc\OneDrive - MMU\Documents\MSc\Dissertation\Application\Output\Real1\id6_0008.mp4,1
D:\MSc\OneDrive - MMU\Documents\MSc\Dissertation\Application\Output\Real1\id10_0009.mp4,1
D:\MSc\OneDrive - MMU\Documents\MSc\Dissertation\Application\Output\Real1\00240.mp4,1
D:\MSc\OneDrive - MMU\Documents\MSc\Dissertation\Application\Output\Real1\id3_0009.mp4,1
D:\MSc\OneDrive - MMU\Documents\MSc\Dissertation\Application\Output\Real1\00145.mp4,1
D:\MSc\OneDrive - MMU\Documents\MSc\Dissertation\Application\Output\Real1\id12_0003.mp4,1
D:\MSc\OneDrive - MMU\Documents\MSc\Dissertation\Application\Output\Real1\id4_0009.mp4,1
D:\MSc\OneDrive - MMU\Documents\MSc\Dissertation\Application\Output\Real1\id12_0005.mp4,1
D:\MSc\OneDrive - MMU\Documents\MSc\Dissertation\Application\Output\Real1\id16_0006.mp4,1
D:\MSc\OneDrive - MMU\Documents\MSc\Dissertation\Application\Output\Real1\00189.mp4,1
D:\MSc\OneDrive - MMU\Documents\MSc\Dissertation\Application\Output\Real1\id4_0005.mp4,1
D:\MSc\OneDrive - MMU\Documents\MSc\Dissertation\Application\Output\Real1\00182.mp4,1
D:\MSc\OneDrive - MMU\Documents\MSc\Dissertation\Application\Output\Real1\00021.mp4,1
D:\MSc\OneDrive - MMU\Documents\MSc\Dissertation\Application\Output\Real1\id4_0000.mp4,1
D:\MSc\OneDrive - MMU\Documents\MSc\Dissertation\Application\Output\Real1\00207.mp4,1
D:\MSc\OneDrive - MMU\Documents\MSc\Dissertation\Application\Output\Real1\00059.mp4,1
D:\MSc\OneDrive - MMU\Documents\MSc\Dissertation\Application\Output\Real1\00052.mp4,1
D:\MSc\OneDrive - MMU\Documents\MSc\Dissertation\Application\Output\Real1\00168.mp4,1
D:\MSc\OneDrive - MMU\Documents\MSc\Dissertation\Application\Output\Real1\00098.mp4,1
D:\MSc\OneDrive - MMU\Documents\MSc\Dissertation\Application\Output\Real1\id3_0008.mp4,1
D:\MSc\OneDrive - MMU\Documents\MSc\Dissertation\Application\Output\Real1\00210.mp4,1
D:\MSc\OneDrive - MMU\Documents\MSc\Dissertation\Application\Output\Real1\00144.mp4,1
D:\MSc\OneDrive - MMU\Documents\MSc\Dissertation\Application\Output\Real1\00058.mp4,1
D:\MSc\OneDrive - MMU\Documents\MSc\Dissertation\Application\Output\Real1\id6_0003.mp4,1
D:\MSc\OneDrive - MMU\Documents\MSc\Dissertation\Application\Output\Real1\00079.mp4,1
D:\MSc\OneDrive - MMU\Documents\MSc\Dissertation\Application\Output\Real1\00122.mp4,1
D:\MSc\OneDrive - MMU\Documents\MSc\Dissertation\Application\Output\Real1\id13_0009.mp4,1
D:\MSc\OneDrive - MMU\Documents\MSc\Dissertation\Application\Output\Real1\00150.mp4,1
D:\MSc\OneDrive - MMU\Documents\MSc\Dissertation\Application\Output\Real1\id8_0001.mp4,1
D:\MSc\OneDrive - MMU\Documents\MSc\Dissertation\Application\Output\Real1\id6_0002.mp4,1
D:\MSc\OneDrive - MMU\Documents\MSc\Dissertation\Application\Output\Real1\00211.mp4,1
D:\MSc\OneDrive - MMU\Documents\MSc\Dissertation\Application\Output\Real1\00006.mp4,1
D:\MSc\OneDrive - MMU\Documents\MSc\Dissertation\Application\Output\Real1\00143.mp4,1
D:\MSc\OneDrive - MMU\Documents\MSc\Dissertation\Application\Output\Real1\id13_0007.mp4,1
D:\MSc\OneDrive - MMU\Documents\MSc\Dissertation\Application\Output\Real1\id17_0000.mp4,1
D:\MSc\OneDrive - MMU\Documents\MSc\Dissertation\Application\Output\Real1\id1_0006.mp4,1
D:\MSc\OneDrive - MMU\Documents\MSc\Dissertation\Application\Output\Real1\00046.mp4,1
D:\MSc\OneDrive - MMU\Documents\MSc\Dissertation\Application\Output\Real1\00162.mp4,1
D:\MSc\OneDrive - MMU\Documents\MSc\Dissertation\Application\Output\Real1\00040.mp4,1
D:\MSc\OneDrive - MMU\Documents\MSc\Dissertation\Application\Output\Real1\id0_0006.mp4,1
D:\MSc\OneDrive - MMU\Documents\MSc\Dissertation\Application\Output\Real1\00184.mp4,1
D:\MSc\OneDrive - MMU\Documents\MSc\Dissertation\Application\Output\Real1\00037.mp4,1
D:\MSc\OneDrive - MMU\Documents\MSc\Dissertation\Application\Output\Real1\00188.mp4,1
D:\MSc\OneDrive - MMU\Documents\MSc\Dissertation\Application\Output\Real1\00154.mp4,1
D:\MSc\OneDrive - MMU\Documents\MSc\Dissertation\Application\Output\Real1\00076.mp4,1
D:\MSc\OneDrive - MMU\Documents\MSc\Dissertation\Application\Output\Real1\00035.mp4,1
D:\MSc\OneDrive - MMU\Documents\MSc\Dissertation\Application\Output\Real1\id13_0003.mp4,1
D:\MSc\OneDrive - MMU\Documents\MSc\Dissertation\Application\Output\Real1\00218.mp4,1
D:\MSc\OneDrive - MMU\Documents\MSc\Dissertation\Application\Output\Real1\00118.mp4,1
D:\MSc\OneDrive - MMU\Documents\MSc\Dissertation\Application\Output\Real1\00113.mp4,1
D:\MSc\OneDrive - MMU\Documents\MSc\Dissertation\Application\Output\Real1\id13_0002.mp4,1
D:\MSc\OneDrive - MMU\Documents\MSc\Dissertation\Application\Output\Real1\00114.mp4,1
D:\MSc\OneDrive - MMU\Documents\MSc\Dissertation\Application\Output\Real1\00244.mp4,1
D:\MSc\OneDrive - MMU\Documents\MSc\Dissertation\Application\Output\Real1\id8_0007.mp4,1
D:\MSc\OneDrive - MMU\Documents\MSc\Dissertation\Application\Output\Real1\00039.mp4,1
D:\MSc\OneDrive - MMU\Documents\MSc\Dissertation\Application\Output\Real1\00048.mp4,1
D:\MSc\OneDrive - MMU\Documents\MSc\Dissertation\Application\Output\Real1\00027.mp4,1
D:\MSc\OneDrive - MMU\Documents\MSc\Dissertation\Application\Output\Real1\id3_0003.mp4,1
D:\MSc\OneDrive - MMU\Documents\MSc\Dissertation\Application\Output\Real1\id4_0004.mp4,1
D:\MSc\OneDrive - MMU\Documents\MSc\Dissertation\Application\Output\Real1\00045.mp4,1
D:\MSc\OneDrive - MMU\Documents\MSc\Dissertation\Application\Output\Real1\id11_0004.mp4,1
D:\MSc\OneDrive - MMU\Documents\MSc\Dissertation\Application\Output\Real1\id2_0005.mp4,1
D:\MSc\OneDrive - MMU\Documents\MSc\Dissertation\Application\Output\Real1\00172.mp4,1
D:\MSc\OneDrive - MMU\Documents\MSc\Dissertation\Application\Output\Real1\00206.mp4,1
D:\MSc\OneDrive - MMU\Documents\MSc\Dissertation\Application\Output\Real1\00221.mp4,1
D:\MSc\OneDrive - MMU\Documents\MSc\Dissertation\Application\Output\Real1\00160.mp4,1
D:\MSc\OneDrive - MMU\Documents\MSc\Dissertation\Application\Output\Real1\00242.mp4,1
D:\MSc\OneDrive - MMU\Documents\MSc\Dissertation\Application\Output\Real1\00101.mp4,1
D:\MSc\OneDrive - MMU\Documents\MSc\Dissertation\Application\Output\Real1\00108.mp4,1
D:\MSc\OneDrive - MMU\Documents\MSc\Dissertation\Application\Output\Real1\00085.mp4,1
D:\MSc\OneDrive - MMU\Documents\MSc\Dissertation\Application\Output\Real1\00215.mp4,1
D:\MSc\OneDrive - MMU\Documents\MSc\Dissertation\Application\Output\Real1\00136.mp4,1
D:\MSc\OneDrive - MMU\Documents\MSc\Dissertation\Application\Output\Real1\00062.mp4,1
D:\MSc\OneDrive - MMU\Documents\MSc\Dissertation\Application\Output\Real1\00176.mp4,1
D:\MSc\OneDrive - MMU\Documents\MSc\Dissertation\Application\Output\Real1\00147.mp4,1
D:\MSc\OneDrive - MMU\Documents\MSc\Dissertation\Application\Output\Real1\id4_0003.mp4,1
D:\MSc\OneDrive - MMU\Documents\MSc\Dissertation\Application\Output\Real1\00042.mp4,1
D:\MSc\OneDrive - MMU\Documents\MSc\Dissertation\Application\Output\Real1\00128.mp4,1
D:\MSc\OneDrive - MMU\Documents\MSc\Dissertation\Application\Output\Real1\00019.mp4,1
D:\MSc\OneDrive - MMU\Documents\MSc\Dissertation\Application\Output\Real1\id12_0004.mp4,1
D:\MSc\OneDrive - MMU\Documents\MSc\Dissertation\Application\Output\Real1\id7_0003.mp4,1
D:\MSc\OneDrive - MMU\Documents\MSc\Dissertation\Application\Output\Real1\00100.mp4,1
D:\MSc\OneDrive - MMU\Documents\MSc\Dissertation\Application\Output\Real1\00209.mp4,1
D:\MSc\OneDrive - MMU\Documents\MSc\Dissertation\Application\Output\Real1\id4_0007.mp4,1
D:\MSc\OneDrive - MMU\Documents\MSc\Dissertation\Application\Output\Real1\00226.mp4,1
D:\MSc\OneDrive - MMU\Documents\MSc\Dissertation\Application\Output\Real1\00174.mp4,1
D:\MSc\OneDrive - MMU\Documents\MSc\Dissertation\Application\Output\Real1\id1_0001.mp4,1
D:\MSc\OneDrive - MMU\Documents\MSc\Dissertation\Application\Output\Real1\00116.mp4,1
D:\MSc\OneDrive - MMU\Documents\MSc\Dissertation\Application\Output\Real1\id2_0006.mp4,1
D:\MSc\OneDrive - MMU\Documents\MSc\Dissertation\Application\Output\Real1\00157.mp4,1
D:\MSc\OneDrive - MMU\Documents\MSc\Dissertation\Application\Output\Real1\id11_0003.mp4,1
D:\MSc\OneDrive - MMU\Documents\MSc\Dissertation\Application\Output\Real1\id16_0010.mp4,1
D:\MSc\OneDrive - MMU\Documents\MSc\Dissertation\Application\Output\Real1\00140.mp4,1
D:\MSc\OneDrive - MMU\Documents\MSc\Dissertation\Application\Output\Real1\00163.mp4,1
D:\MSc\OneDrive - MMU\Documents\MSc\Dissertation\Application\Output\Real1\id7_0001.mp4,1
D:\MSc\OneDrive - MMU\Documents\MSc\Dissertation\Application\Output\Real1\00083.mp4,1
D:\MSc\OneDrive - MMU\Documents\MSc\Dissertation\Application\Output\Real1\00248.mp4,1
D:\MSc\OneDrive - MMU\Documents\MSc\Dissertation\Application\Output\Real1\id17_0009.mp4,1
D:\MSc\OneDrive - MMU\Documents\MSc\Dissertation\Application\Output\Real1\id11_0009.mp4,1
D:\MSc\OneDrive - MMU\Documents\MSc\Dissertation\Application\Output\Real1\id9_0007.mp4,1
D:\MSc\OneDrive - MMU\Documents\MSc\Dissertation\Application\Output\Real1\00223.mp4,1
D:\MSc\OneDrive - MMU\Documents\MSc\Dissertation\Application\Output\Real1\00197.mp4,1
D:\MSc\OneDrive - MMU\Documents\MSc\Dissertation\Application\Output\Real1\id9_0009.mp4,1
D:\MSc\OneDrive - MMU\Documents\MSc\Dissertation\Application\Output\Real1\00071.mp4,1
D:\MSc\OneDrive - MMU\Documents\MSc\Dissertation\Application\Output\Real1\id3_0002.mp4,1
D:\MSc\OneDrive - MMU\Documents\MSc\Dissertation\Application\Output\Real1\00151.mp4,1
D:\MSc\OneDrive - MMU\Documents\MSc\Dissertation\Application\Output\Real1\id0_0000.mp4,1
D:\MSc\OneDrive - MMU\Documents\MSc\Dissertation\Application\Output\Real1\id6_0007.mp4,1
D:\MSc\OneDrive - MMU\Documents\MSc\Dissertation\Application\Output\Real1\00105.mp4,1
D:\MSc\OneDrive - MMU\Documents\MSc\Dissertation\Application\Output\Real1\00087.mp4,1
D:\MSc\OneDrive - MMU\Documents\MSc\Dissertation\Application\Output\Real1\00148.mp4,1
D:\MSc\OneDrive - MMU\Documents\MSc\Dissertation\Application\Output\Real1\00066.mp4,1
D:\MSc\OneDrive - MMU\Documents\MSc\Dissertation\Application\Output\Real1\00086.mp4,1
D:\MSc\OneDrive - MMU\Documents\MSc\Dissertation\Application\Output\Real1\00029.mp4,1
D:\MSc\OneDrive - MMU\Documents\MSc\Dissertation\Application\Output\Real1\id10_0000.mp4,1
D:\MSc\OneDrive - MMU\Documents\MSc\Dissertation\Application\Output\Real1\id9_0004.mp4,1
D:\MSc\OneDrive - MMU\Documents\MSc\Dissertation\Application\Output\Real1\id9_0000.mp4,1
D:\MSc\OneDrive - MMU\Documents\MSc\Dissertation\Application\Output\Real1\00225.mp4,1
D:\MSc\OneDrive - MMU\Documents\MSc\Dissertation\Application\Output\Real1\00060.mp4,1
D:\MSc\OneDrive - MMU\Documents\MSc\Dissertation\Application\Output\Real1\00164.mp4,1
D:\MSc\OneDrive - MMU\Documents\MSc\Dissertation\Application\Output\Real1\00070.mp4,1
D:\MSc\OneDrive - MMU\Documents\MSc\Dissertation\Application\Output\Real1\id6_0001.mp4,1
D:\MSc\OneDrive - MMU\Documents\MSc\Dissertation\Application\Output\Real1\id11_0002.mp4,1
D:\MSc\OneDrive - MMU\Documents\MSc\Dissertation\Application\Output\Real1\00170.mp4,1
D:\MSc\OneDrive - MMU\Documents\MSc\Dissertation\Application\Output\Real1\id1_0005.mp4,1
D:\MSc\OneDrive - MMU\Documents\MSc\Dissertation\Application\Output\Real1\00043.mp4,1
D:\MSc\OneDrive - MMU\Documents\MSc\Dissertation\Application\Output\Real1\id2_0003.mp4,1
D:\MSc\OneDrive - MMU\Documents\MSc\Dissertation\Application\Output\Real1\id16_0011.mp4,1
D:\MSc\OneDrive - MMU\Documents\MSc\Dissertation\Application\Output\Real1\00178.mp4,1
D:\MSc\OneDrive - MMU\Documents\MSc\Dissertation\Application\Output\Real1\id7_0006.mp4,1
D:\MSc\OneDrive - MMU\Documents\MSc\Dissertation\Application\Output\Real1\id9_0005.mp4,1
D:\MSc\OneDrive - MMU\Documents\MSc\Dissertation\Application\Output\Real1\00141.mp4,1
D:\MSc\OneDrive - MMU\Documents\MSc\Dissertation\Application\Output\Real1\00005.mp4,1
D:\MSc\OneDrive - MMU\Documents\MSc\Dissertation\Application\Output\Real1\id2_0004.mp4,1
D:\MSc\OneDrive - MMU\Documents\MSc\Dissertation\Application\Output\Real1\00047.mp4,1
D:\MSc\OneDrive - MMU\Documents\MSc\Dissertation\Application\Output\Real1\id8_0005.mp4,1
D:\MSc\OneDrive - MMU\Documents\MSc\Dissertation\Application\Output\Real1\id11_0005.mp4,1
D:\MSc\OneDrive - MMU\Documents\MSc\Dissertation\Application\Output\Real1\00004.mp4,1
D:\MSc\OneDrive - MMU\Documents\MSc\Dissertation\Application\Output\Real1\00092.mp4,1
D:\MSc\OneDrive - MMU\Documents\MSc\Dissertation\Application\Output\Real1\00097.mp4,1
D:\MSc\OneDrive - MMU\Documents\MSc\Dissertation\Application\Output\Real1\id0_0009.mp4,1
D:\MSc\OneDrive - MMU\Documents\MSc\Dissertation\Application\Output\Real1\00175.mp4,1
D:\MSc\OneDrive - MMU\Documents\MSc\Dissertation\Application\Output\Real1\00095.mp4,1
D:\MSc\OneDrive - MMU\Documents\MSc\Dissertation\Application\Output\Real1\00231.mp4,1
D:\MSc\OneDrive - MMU\Documents\MSc\Dissertation\Application\Output\Real1\id3_0007.mp4,1
D:\MSc\OneDrive - MMU\Documents\MSc\Dissertation\Application\Output\Real1\00080.mp4,1
D:\MSc\OneDrive - MMU\Documents\MSc\Dissertation\Application\Output\Real1\00227.mp4,1
D:\MSc\OneDrive - MMU\Documents\MSc\Dissertation\Application\Output\Real1\00228.mp4,1
D:\MSc\OneDrive - MMU\Documents\MSc\Dissertation\Application\Output\Real1\00044.mp4,1
D:\MSc\OneDrive - MMU\Documents\MSc\Dissertation\Application\Output\Real1\id17_0001.mp4,1
D:\MSc\OneDrive - MMU\Documents\MSc\Dissertation\Application\Output\Real1\id13_0004.mp4,1
D:\MSc\OneDrive - MMU\Documents\MSc\Dissertation\Application\Output\Real1\00208.mp4,1
D:\MSc\OneDrive - MMU\Documents\MSc\Dissertation\Application\Output\Real1\00203.mp4,1
D:\MSc\OneDrive - MMU\Documents\MSc\Dissertation\Application\Output\Real1\id12_0001.mp4,1
